{
  "project_info": {
    "project_number": "794555158788",
    "firebase_url": "https://krankapp-1e3fc.firebaseio.com",
    "project_id": "krankapp-1e3fc",
    "storage_bucket": "krankapp-1e3fc.appspot.com"
  },
  "client": [
    {
      "client_info": {
        "mobilesdk_app_id": "1:794555158788:android:30eca957cd76bc34",
        "android_client_info": {
          "package_name": "com.mobileapp.krank"
        }
      },
      "oauth_client": [
        {
          "client_id": "794555158788-1ermfqqs18doe0m4md0rsrtv5cdjagjb.apps.googleusercontent.com",
          "client_type": 3
        }
      ],
      "api_key": [
        {
          "current_key": "AIzaSyClBLNGTPFXoOgFBrJTZxxW5b2iMY735fQ"
        }
      ],
      "services": {
        "analytics_service": {
          "status": 1
        },
        "appinvite_service": {
          "status": 1,
          "other_platform_oauth_client": []
        },
        "ads_service": {
          "status": 2
        }
      }
    }
  ],
  "configuration_version": "1"
}